time,pm10,pm2_5,carbon_monoxide,nitrogen_dioxide,ozone,sulphur_dioxide,uv_index,city,severity_score,aqi_category,risk_flag,hour
2025-12-17 00:00:00,13.3,12.2,220.0,3.6,70.0,2.3,0.0,Bengaluru,774.5,Good,High Risk,0
2025-12-17 01:00:00,13.6,12.7,264.0,5.5,67.0,2.7,0.0,Bengaluru,866.1,Good,High Risk,1
2025-12-17 02:00:00,13.2,12.2,326.0,8.4,63.0,3.4,0.3,Bengaluru,988.8,Good,High Risk,2
2025-12-17 03:00:00,12.5,11.2,362.0,9.8,63.0,3.9,1.45,Bengaluru,1061.3,Good,High Risk,3
2025-12-17 04:00:00,9.8,8.5,347.0,8.2,70.0,3.8,3.8,Bengaluru,1023.9,Good,High Risk,4
2025-12-17 05:00:00,9.3,7.8,306.0,5.3,81.0,3.4,6.05,Bengaluru,956.7,Good,High Risk,5
2025-12-17 06:00:00,8.9,7.4,272.0,3.0,90.0,3.0,7.75,Bengaluru,901.7,Good,High Risk,6
2025-12-17 07:00:00,8.4,7.0,254.0,2.0,96.0,2.8,8.5,Bengaluru,875.4,Good,High Risk,7
2025-12-17 08:00:00,7.9,6.6,243.0,1.8,100.0,2.6,7.3,Bengaluru,860.3,Good,High Risk,8
2025-12-17 09:00:00,7.7,6.5,245.0,2.9,100.0,2.6,4.95,Bengaluru,867.6,Good,High Risk,9
2025-12-17 10:00:00,7.6,6.5,264.0,5.9,95.0,2.8,2.4,Bengaluru,903.1,Good,High Risk,10
2025-12-17 11:00:00,7.9,6.9,295.0,10.4,87.0,3.3,0.7,Bengaluru,964.0,Good,High Risk,11
2025-12-17 12:00:00,9.8,9.1,330.0,15.4,77.0,4.2,0.05,Bengaluru,1044.3,Good,High Risk,12
2025-12-17 13:00:00,13.7,13.1,370.0,21.9,65.0,6.1,0.0,Bengaluru,1153.6,Good,High Risk,13
2025-12-17 14:00:00,16.8,16.2,414.0,29.0,52.0,8.5,0.0,Bengaluru,1265.4,Good,High Risk,14
2025-12-17 15:00:00,18.2,17.6,451.0,33.2,43.0,10.2,0.0,Bengaluru,1347.2,Good,High Risk,15
2025-12-17 16:00:00,19.4,18.7,482.0,32.3,42.0,10.4,0.0,Bengaluru,1412.5,Good,High Risk,16
2025-12-17 17:00:00,20.4,19.7,507.0,28.5,45.0,9.9,0.0,Bengaluru,1462.3,Good,High Risk,17
2025-12-17 18:00:00,20.5,19.7,514.0,24.4,49.0,9.3,0.0,Bengaluru,1469.8,Good,High Risk,18
2025-12-17 19:00:00,20.8,19.9,489.0,20.4,53.0,8.7,0.0,Bengaluru,1415.3,Good,High Risk,19
2025-12-17 20:00:00,22.4,21.3,447.0,16.2,58.0,8.0,0.0,Bengaluru,1338.5,Good,High Risk,20
2025-12-17 21:00:00,24.6,23.2,415.0,12.8,63.0,7.7,0.0,Bengaluru,1290.8,Good,High Risk,21
2025-12-17 22:00:00,26.6,24.6,389.0,10.3,69.0,7.9,0.0,Bengaluru,1260.6,Good,High Risk,22
2025-12-17 23:00:00,27.6,25.1,373.0,8.7,76.0,8.4,0.0,Bengaluru,1250.7,Good,High Risk,23
2025-12-18 00:00:00,29.0,26.0,414.0,9.1,82.0,9.4,0.0,Bengaluru,1365.0,Good,High Risk,0
2025-12-18 01:00:00,32.8,29.5,586.0,14.0,84.0,11.4,0.0,Bengaluru,1771.5,Good,High Risk,1
2025-12-18 02:00:00,37.7,34.7,814.0,20.9,85.0,13.9,0.45,Bengaluru,2308.8,Good,High Risk,2
2025-12-18 03:00:00,37.8,35.7,922.0,24.1,90.0,15.3,1.8,Bengaluru,2563.5,Good,High Risk,3
2025-12-18 04:00:00,34.1,31.5,791.0,19.6,105.0,14.6,4.05,Bengaluru,2293.6,Good,High Risk,4
2025-12-18 05:00:00,29.4,27.2,540.0,11.3,125.0,12.7,6.5,Bengaluru,1775.2,Good,High Risk,5
2025-12-18 06:00:00,24.8,23.0,348.0,5.0,138.0,10.8,8.2,Bengaluru,1362.6,Good,High Risk,6
2025-12-18 07:00:00,21.1,19.5,285.0,2.6,141.0,9.1,8.45,Bengaluru,1200.6,Good,High Risk,7
2025-12-18 08:00:00,18.3,17.0,281.0,2.1,137.0,7.5,7.2,Bengaluru,1151.3,Good,High Risk,8
2025-12-18 09:00:00,17.3,16.2,301.0,3.6,131.0,6.5,4.9,Bengaluru,1168.3,Good,High Risk,9
2025-12-18 10:00:00,18.1,17.1,340.0,7.6,123.0,6.5,2.45,Bengaluru,1245.2,Good,High Risk,10
2025-12-18 11:00:00,20.3,19.3,403.0,13.7,113.0,7.1,0.75,Bengaluru,1385.6,Good,High Risk,11
2025-12-18 12:00:00,25.7,25.0,474.0,20.0,102.0,8.2,0.05,Bengaluru,1568.9,Good,High Risk,12
2025-12-18 13:00:00,33.3,32.6,561.0,27.1,88.0,10.0,0.0,Bengaluru,1797.3,Good,High Risk,13
2025-12-18 14:00:00,38.4,37.7,655.0,34.4,72.0,12.1,0.0,Bengaluru,2015.6999999999998,Good,High Risk,14
2025-12-18 15:00:00,41.7,41.0,715.0,39.1,61.0,13.6,0.0,Bengaluru,2153.9,Good,High Risk,15
2025-12-18 16:00:00,44.6,43.7,718.0,39.5,57.0,13.9,0.0,Bengaluru,2172.9,Good,High Risk,16
2025-12-18 17:00:00,47.4,46.3,686.0,37.1,57.0,13.4,0.0,Bengaluru,2118.7,Good,High Risk,17
2025-12-18 18:00:00,48.5,47.4,644.0,33.8,59.0,12.8,0.0,Bengaluru,2033.9,Good,High Risk,18
2025-12-18 19:00:00,48.0,46.8,593.0,29.4,62.0,12.1,0.0,Bengaluru,1916.0,Good,High Risk,19
2025-12-18 20:00:00,48.1,46.8,532.0,23.9,66.0,11.2,0.0,Bengaluru,1780.6999999999998,Good,High Risk,20
2025-12-18 21:00:00,50.4,49.0,488.0,19.5,70.0,10.3,0.0,Bengaluru,1701.4,Good,High Risk,21
2025-12-18 22:00:00,52.3,50.8,448.0,16.3,72.0,9.1,0.0,Bengaluru,1624.5,Moderate,High Risk,22
2025-12-18 23:00:00,53.0,51.3,425.0,14.2,74.0,7.9,0.0,Bengaluru,1575.9,Moderate,High Risk,23
2025-12-19 00:00:00,54.0,52.4,479.0,14.3,74.0,7.6,0.0,Bengaluru,1691.6,Moderate,High Risk,0
2025-12-19 01:00:00,54.9,53.4,713.0,19.3,71.0,9.1,0.0,Bengaluru,2184.3,Moderate,High Risk,1
2025-12-19 02:00:00,55.3,54.1,1025.0,26.6,66.0,11.5,0.4,Bengaluru,2836.8,Moderate,High Risk,2
2025-12-19 03:00:00,49.6,48.5,1171.0,29.4,70.0,12.9,1.8,Bengaluru,3112.5,Good,High Risk,3
2025-12-19 04:00:00,42.7,41.2,984.0,23.2,90.0,12.4,3.95,Bengaluru,2714.5,Good,High Risk,4
2025-12-19 05:00:00,35.0,33.4,630.0,12.6,118.0,10.9,6.25,Bengaluru,1980.0,Good,High Risk,5
2025-12-19 06:00:00,27.9,26.3,366.0,4.7,139.0,9.5,7.7,Bengaluru,1421.0,Good,High Risk,6
2025-12-19 07:00:00,24.8,23.3,301.0,1.8,145.0,8.5,7.8,Bengaluru,1269.1,Good,High Risk,7
2025-12-19 08:00:00,23.8,22.4,325.0,1.6,144.0,7.6,6.65,Bengaluru,1302.2,Good,High Risk,8
2025-12-19 09:00:00,23.5,22.1,365.0,4.0,138.0,7.3,4.5,Bengaluru,1370.2,Good,High Risk,9
2025-12-19 10:00:00,24.0,22.7,394.0,9.6,127.0,7.6,2.25,Bengaluru,1423.3,Good,High Risk,10
2025-12-19 11:00:00,25.1,23.9,439.0,17.8,112.0,8.5,0.7,Bengaluru,1514.0,Good,High Risk,11
2025-12-19 12:00:00,31.0,30.0,503.0,27.4,95.0,10.1,0.05,Bengaluru,1684.0,Good,High Risk,12
2025-12-19 13:00:00,39.9,38.9,610.0,40.0,74.0,12.9,0.0,Bengaluru,1967.8,Good,High Risk,13
2025-12-19 14:00:00,45.2,44.2,735.0,54.0,52.0,16.4,0.0,Bengaluru,2264.2,Good,High Risk,14
2025-12-19 15:00:00,48.0,46.9,810.0,62.9,36.0,18.9,0.0,Bengaluru,2433.7,Good,High Risk,15
2025-12-19 16:00:00,50.6,49.6,796.0,63.2,32.0,19.8,0.0,Bengaluru,2419.8,Good,High Risk,16
2025-12-19 17:00:00,53.3,52.2,731.0,58.5,35.0,19.7,0.0,Bengaluru,2300.7,Moderate,High Risk,17
2025-12-19 18:00:00,54.9,53.8,660.0,52.5,39.0,19.1,0.0,Bengaluru,2157.1,Moderate,High Risk,18
2025-12-19 19:00:00,55.4,54.1,585.0,45.8,43.0,18.0,0.0,Bengaluru,1990.9,Moderate,High Risk,19
2025-12-19 20:00:00,56.1,54.8,504.0,37.9,49.0,16.3,0.0,Bengaluru,1814.1,Moderate,High Risk,20
2025-12-19 21:00:00,57.2,55.8,449.0,31.4,54.0,15.2,0.0,Bengaluru,1697.0,Moderate,High Risk,21
2025-12-19 22:00:00,58.0,56.5,416.0,26.7,57.0,14.9,0.0,Bengaluru,1625.9,Moderate,High Risk,22
2025-12-19 23:00:00,58.8,57.3,410.0,23.5,60.0,15.0,0.0,Bengaluru,1616.9,Moderate,High Risk,23
2025-12-20 00:00:00,60.5,58.9,482.0,23.1,62.0,15.4,0.0,Bengaluru,1780.0,Moderate,High Risk,0
2025-12-20 01:00:00,65.9,64.3,730.0,29.1,59.0,16.5,0.0,Bengaluru,2338.6,Moderate,High Risk,1
2025-12-20 02:00:00,80.8,79.2,1055.0,38.1,55.0,18.0,0.4,Bengaluru,3137.8,Moderate,High Risk,2
2025-12-20 03:00:00,65.7,64.3,1211.0,41.0,63.0,18.6,1.7,Bengaluru,3368.0,Moderate,High Risk,3
2025-12-20 04:00:00,46.3,44.5,1031.0,31.6,94.0,17.6,3.9,Bengaluru,2902.2,Good,High Risk,4
2025-12-20 05:00:00,39.9,38.1,681.0,16.2,136.0,15.6,6.25,Bengaluru,2207.4,Good,High Risk,5
2025-12-20 06:00:00,38.1,36.3,416.0,4.8,167.0,13.9,7.85,Bengaluru,1703.6,Good,High Risk,6
2025-12-20 07:00:00,36.7,34.9,343.0,1.1,179.0,12.6,8.05,Bengaluru,1562.4,Good,High Risk,7
2025-12-20 08:00:00,35.4,33.8,356.0,1.3,180.0,11.5,6.75,Bengaluru,1578.4,Good,High Risk,8
2025-12-20 09:00:00,34.5,32.8,384.0,4.2,175.0,10.9,4.55,Bengaluru,1620.9,Good,High Risk,9
2025-12-20 10:00:00,34.2,32.7,399.0,10.4,162.0,10.8,2.25,Bengaluru,1634.9,Good,High Risk,10
2025-12-20 11:00:00,34.7,33.2,430.0,19.2,143.0,11.2,0.7,Bengaluru,1680.7,Good,High Risk,11
2025-12-20 12:00:00,39.9,38.8,498.0,27.7,122.0,12.0,0.05,Bengaluru,1834.5,Good,High Risk,12
2025-12-20 13:00:00,49.5,48.3,652.0,36.1,99.0,13.5,0.0,Bengaluru,2189.4,Good,High Risk,13
2025-12-20 14:00:00,52.9,51.8,843.0,44.1,76.0,15.3,0.0,Bengaluru,2569.3,Moderate,High Risk,14
2025-12-20 15:00:00,52.0,51.0,948.0,47.5,61.0,16.3,0.0,Bengaluru,2745.2,Moderate,High Risk,15
2025-12-20 16:00:00,51.7,50.5,892.0,43.3,61.0,15.9,0.0,Bengaluru,2611.4,Moderate,High Risk,16
2025-12-20 17:00:00,53.0,51.8,750.0,34.6,70.0,14.7,0.0,Bengaluru,2325.2,Moderate,High Risk,17
2025-12-20 18:00:00,53.6,52.4,623.0,26.4,79.0,13.6,0.0,Bengaluru,2065.8,Moderate,High Risk,18
2025-12-20 19:00:00,52.9,51.6,542.0,20.2,86.0,12.9,0.0,Bengaluru,1891.1,Moderate,High Risk,19
2025-12-20 20:00:00,53.1,51.8,475.0,14.6,92.0,12.3,0.0,Bengaluru,1751.9,Moderate,High Risk,20
2025-12-20 21:00:00,53.7,52.3,430.0,10.5,96.0,12.2,0.0,Bengaluru,1661.4,Moderate,High Risk,21
2025-12-20 22:00:00,54.4,52.9,415.0,8.4,96.0,13.0,0.0,Bengaluru,1631.3,Moderate,High Risk,22
2025-12-20 23:00:00,55.3,53.7,421.0,7.9,93.0,14.2,0.0,Bengaluru,1643.8,Moderate,High Risk,23
2025-12-21 00:00:00,57.7,56.0,436.8,8.5,91.0,14.6,0.0,Bengaluru,1692.1,Moderate,High Risk,0
2025-12-21 01:00:00,64.3,62.4,459.0,11.2,91.0,13.5,0.0,Bengaluru,1794.6999999999998,Moderate,High Risk,1
2025-12-21 02:00:00,69.4,67.3,501.2,14.9,92.0,11.7,0.2,Bengaluru,1929.5,Moderate,High Risk,2
2025-12-21 03:00:00,69.6,67.8,534.0,16.5,98.0,10.0,1.2,Bengaluru,2015.8,Moderate,High Risk,3
2025-12-21 04:00:00,63.1,61.2,490.0,13.6,112.0,8.7,3.35,Bengaluru,1900.5,Moderate,High Risk,4
2025-12-21 05:00:00,52.6,50.9,420.0,8.5,131.0,7.7,6.0,Bengaluru,1710.1,Moderate,High Risk,5
2025-12-21 06:00:00,44.5,42.8,364.0,4.6,145.0,6.8,7.85,Bengaluru,1556.1,Good,High Risk,6
2025-12-21 07:00:00,41.1,39.6,334.0,2.9,152.0,6.2,8.2,Bengaluru,1481.7,Good,High Risk,7
2025-12-21 08:00:00,38.9,37.5,319.0,2.6,154.0,5.8,7.0,Bengaluru,1437.8,Good,High Risk,8
2025-12-21 09:00:00,37.7,36.4,322.0,4.0,152.0,5.8,4.7,Bengaluru,1434.3,Good,High Risk,9
2025-12-21 10:00:00,37.8,36.6,357.0,8.7,141.0,6.3,2.35,Bengaluru,1493.4,Good,High Risk,10
2025-12-21 11:00:00,38.2,37.1,411.0,15.2,126.0,7.1,0.7,Bengaluru,1589.3,Good,High Risk,11
2025-12-21 12:00:00,41.1,40.3,451.0,20.0,114.0,7.7,0.05,Bengaluru,1679.6,Good,High Risk,12
2025-12-17 00:00:00,98.3,95.5,1097.0,12.2,74.0,26.3,0.0,Delhi,3342.4,Moderate,High Risk,0
2025-12-17 01:00:00,100.8,98.0,1230.0,17.1,67.0,27.8,0.0,Delhi,3633.0,Moderate,High Risk,1
2025-12-17 02:00:00,106.2,103.6,1407.0,23.8,60.0,30.4,0.1,Delhi,4047.4,Unhealthy,High Risk,2
2025-12-17 03:00:00,108.7,106.2,1501.0,27.5,63.0,32.4,0.6,Delhi,4287.7,Unhealthy,High Risk,3
2025-12-17 04:00:00,109.2,106.6,1439.0,25.2,86.0,33.2,1.7,Delhi,4230.2,Unhealthy,High Risk,4
2025-12-17 05:00:00,104.5,101.5,1295.0,19.8,119.0,33.4,2.95,Delhi,3980.8,Unhealthy,High Risk,5
2025-12-17 06:00:00,95.9,92.4,1158.0,15.3,146.0,33.2,3.9,Delhi,3697.7,Moderate,High Risk,6
2025-12-17 07:00:00,82.2,78.5,1041.0,11.9,163.0,32.5,4.0,Delhi,3387.7,Moderate,High Risk,7
2025-12-17 08:00:00,73.6,69.8,932.0,9.4,175.0,31.3,3.35,Delhi,3121.6,Moderate,High Risk,8
2025-12-17 09:00:00,67.3,63.3,885.0,10.5,175.0,30.6,2.1,Delhi,2977.8,Moderate,High Risk,9
2025-12-17 10:00:00,63.6,59.5,952.0,18.1,158.0,30.5,0.95,Delhi,3060.7,Moderate,High Risk,10
2025-12-17 11:00:00,62.6,59.0,1080.0,29.3,131.0,30.7,0.2,Delhi,3275.8,Moderate,High Risk,11
2025-12-17 12:00:00,67.8,64.3,1169.0,38.2,107.0,31.3,0.0,Delhi,3461.9,Moderate,High Risk,12
2025-12-17 13:00:00,72.9,69.4,1167.0,42.3,91.0,32.5,0.0,Delhi,3471.9,Moderate,High Risk,13
2025-12-17 14:00:00,76.6,72.9,1126.0,44.1,78.0,33.9,0.0,Delhi,3392.3,Moderate,High Risk,14
2025-12-17 15:00:00,80.8,76.6,1094.0,44.8,68.0,34.8,0.0,Delhi,3335.8,Moderate,High Risk,15
2025-12-17 16:00:00,86.4,81.7,1096.0,44.7,61.0,34.8,0.0,Delhi,3360.7,Moderate,High Risk,16
2025-12-17 17:00:00,92.7,87.5,1108.0,43.5,57.0,34.2,0.0,Delhi,3413.4,Moderate,High Risk,17
2025-12-17 18:00:00,95.0,89.6,1109.0,41.1,54.0,32.8,0.0,Delhi,3408.6,Moderate,High Risk,18
2025-12-17 19:00:00,93.8,88.0,1086.0,36.5,52.0,29.8,0.0,Delhi,3314.6,Moderate,High Risk,19
2025-12-17 20:00:00,93.4,87.3,1053.0,30.7,52.0,26.0,0.0,Delhi,3205.5,Moderate,High Risk,20
2025-12-17 21:00:00,93.4,87.1,1030.0,26.2,51.0,23.2,0.0,Delhi,3126.3,Moderate,High Risk,21
2025-12-17 22:00:00,94.5,87.8,1002.0,23.6,49.0,21.7,0.0,Delhi,3054.7,Moderate,High Risk,22
2025-12-17 23:00:00,96.2,89.2,983.0,22.4,45.0,21.2,0.0,Delhi,3010.0,Moderate,High Risk,23
2025-12-18 00:00:00,97.3,90.6,1037.0,23.5,42.0,22.5,0.0,Delhi,3128.9,Moderate,High Risk,0
2025-12-18 01:00:00,102.9,95.9,1248.0,29.4,33.0,27.0,0.0,Delhi,3608.8,Moderate,High Risk,1
2025-12-18 02:00:00,116.6,109.4,1531.0,37.6,24.0,33.3,0.1,Delhi,4314.4,Unhealthy,High Risk,2
2025-12-18 03:00:00,125.7,119.2,1694.0,41.6,31.0,37.9,0.6,Delhi,4772.1,Unhealthy,High Risk,3
2025-12-18 04:00:00,123.9,118.0,1628.0,37.6,68.0,39.2,1.7,Delhi,4728.9,Unhealthy,High Risk,4
2025-12-18 05:00:00,119.2,111.5,1441.0,29.4,120.0,38.8,2.95,Delhi,4429.9,Unhealthy,High Risk,5
2025-12-18 06:00:00,109.2,98.7,1270.0,22.3,161.0,38.6,3.85,Delhi,4087.7,Moderate,High Risk,6
2025-12-18 07:00:00,95.2,82.7,1138.0,16.6,182.0,39.2,3.9,Delhi,3744.3,Moderate,High Risk,7
2025-12-18 08:00:00,82.2,68.5,1022.0,11.9,193.0,39.9,3.05,Delhi,3419.3,Moderate,High Risk,8
2025-12-18 09:00:00,76.1,62.4,983.0,12.3,190.0,40.6,1.95,Delhi,3287.9,Moderate,High Risk,9
2025-12-18 10:00:00,73.3,60.5,1078.0,21.8,169.0,41.0,0.85,Delhi,3436.6,Moderate,High Risk,10
2025-12-18 11:00:00,73.8,63.6,1251.0,36.4,134.0,41.4,0.2,Delhi,3754.6,Moderate,High Risk,11
2025-12-18 12:00:00,86.1,77.3,1391.0,48.6,104.0,42.4,0.0,Delhi,4102.8,Moderate,High Risk,12
2025-12-18 13:00:00,99.4,91.5,1460.0,56.1,83.0,44.8,0.0,Delhi,4328.3,Moderate,High Risk,13
2025-12-18 14:00:00,106.2,99.2,1497.0,61.2,65.0,47.7,0.0,Delhi,4439.2,Moderate,High Risk,14
2025-12-18 15:00:00,111.1,104.8,1504.0,62.9,53.0,49.1,0.0,Delhi,4472.3,Unhealthy,High Risk,15
2025-12-18 16:00:00,114.6,109.2,1475.0,60.2,49.0,48.2,0.0,Delhi,4420.4,Unhealthy,High Risk,16
2025-12-18 17:00:00,116.6,112.0,1416.0,54.2,50.0,45.8,0.0,Delhi,4291.8,Unhealthy,High Risk,17
2025-12-18 18:00:00,115.3,111.3,1350.0,47.3,52.0,42.6,0.0,Delhi,4118.0,Unhealthy,High Risk,18
2025-12-18 19:00:00,111.1,107.6,1273.0,39.2,55.0,38.3,0.0,Delhi,3892.3,Unhealthy,High Risk,19
2025-12-18 20:00:00,107.1,104.3,1187.0,30.3,59.0,33.2,0.0,Delhi,3647.8,Unhealthy,High Risk,20
2025-12-18 21:00:00,103.8,101.5,1125.0,23.4,61.0,29.3,0.0,Delhi,3462.7,Unhealthy,High Risk,21
2025-12-18 22:00:00,101.3,99.2,1086.0,19.4,61.0,27.3,0.0,Delhi,3341.7,Moderate,High Risk,22
2025-12-18 23:00:00,99.4,97.8,1071.0,17.6,60.0,26.5,0.0,Delhi,3285.6,Moderate,High Risk,23
2025-12-19 00:00:00,99.4,98.0,1108.0,18.5,58.0,27.2,0.0,Delhi,3361.0,Moderate,High Risk,0
2025-12-19 01:00:00,103.4,102.0,1258.0,24.8,50.0,30.3,0.0,Delhi,3706.6000000000004,Unhealthy,High Risk,1
2025-12-19 02:00:00,111.8,110.6,1460.0,33.8,40.0,35.0,0.1,Delhi,4203.6,Unhealthy,High Risk,2
2025-12-19 03:00:00,115.5,114.6,1563.0,38.4,44.0,38.3,0.55,Delhi,4484.3,Unhealthy,High Risk,3
2025-12-19 04:00:00,113.4,112.7,1476.0,34.4,73.0,39.2,1.55,Delhi,4369.1,Unhealthy,High Risk,4
2025-12-19 05:00:00,103.4,102.4,1290.0,26.0,116.0,38.8,2.75,Delhi,4009.4,Unhealthy,High Risk,5
2025-12-19 06:00:00,87.5,86.6,1127.0,19.0,148.0,38.0,3.65,Delhi,3621.5,Moderate,High Risk,6
2025-12-19 07:00:00,71.5,70.5,1015.0,14.4,163.0,37.0,3.75,Delhi,3291.6,Moderate,High Risk,7
2025-12-19 08:00:00,62.9,61.7,927.0,11.1,168.0,35.5,3.1,Delhi,3041.6,Moderate,High Risk,8
2025-12-19 09:00:00,54.9,53.8,898.0,11.7,163.0,34.2,1.95,Delhi,2902.3,Moderate,High Risk,9
2025-12-19 10:00:00,49.2,48.1,978.0,19.0,143.0,33.0,0.85,Delhi,2981.1,Good,High Risk,10
2025-12-19 11:00:00,48.2,47.1,1118.0,30.3,114.0,32.0,0.2,Delhi,3207.3,Good,High Risk,11
2025-12-19 12:00:00,53.8,52.7,1211.0,39.2,89.0,31.5,0.0,Delhi,3396.7,Moderate,High Risk,12
2025-12-19 13:00:00,59.4,58.3,1207.0,43.6,73.0,32.1,0.0,Delhi,3405.5,Moderate,High Risk,13
2025-12-19 14:00:00,62.4,61.2,1156.0,45.8,62.0,33.3,0.0,Delhi,3307.6,Moderate,High Risk,14
2025-12-19 15:00:00,64.7,63.6,1104.0,46.2,54.0,34.0,0.0,Delhi,3202.9,Moderate,High Risk,15
2025-12-19 16:00:00,67.8,66.4,1065.0,44.8,50.0,33.9,0.0,Delhi,3130.2,Moderate,High Risk,16
2025-12-19 17:00:00,71.7,70.1,1024.0,41.7,49.0,33.2,0.0,Delhi,3060.2,Moderate,High Risk,17
2025-12-19 18:00:00,72.9,71.5,983.0,37.9,49.0,32.1,0.0,Delhi,2969.2,Moderate,High Risk,18
2025-12-19 19:00:00,72.2,70.8,936.0,33.2,49.0,30.0,0.0,Delhi,2842.4,Moderate,High Risk,19
2025-12-19 20:00:00,72.4,71.0,889.0,27.9,50.0,27.3,0.0,Delhi,2721.0,Moderate,High Risk,20
2025-12-19 21:00:00,73.6,72.2,860.0,23.9,50.0,25.5,0.0,Delhi,2649.4,Moderate,High Risk,21
2025-12-19 22:00:00,74.7,73.6,841.0,21.6,48.0,24.8,0.0,Delhi,2603.7,Moderate,High Risk,22
2025-12-19 23:00:00,76.1,75.0,840.0,20.6,46.0,24.8,0.0,Delhi,2602.9,Moderate,High Risk,23
2025-12-20 00:00:00,78.0,77.1,900.0,21.3,44.0,26.1,0.0,Delhi,2741.1,Moderate,High Risk,0
2025-12-20 01:00:00,83.1,82.2,1090.0,25.3,38.0,29.4,0.0,Delhi,3173.1,Moderate,High Risk,1
2025-12-20 02:00:00,92.4,91.5,1341.0,31.0,32.0,33.9,0.1,Delhi,3772.3,Moderate,High Risk,2
2025-12-20 03:00:00,98.0,97.3,1489.0,33.8,39.0,37.8,0.55,Delhi,4161.9,Moderate,High Risk,3
2025-12-20 04:00:00,101.3,100.4,1439.0,30.8,70.0,40.2,1.55,Delhi,4177.9,Unhealthy,High Risk,4
2025-12-20 05:00:00,101.0,100.1,1286.0,24.9,115.0,41.9,2.75,Delhi,3987.7,Unhealthy,High Risk,5
2025-12-20 06:00:00,98.5,97.1,1147.0,19.8,152.0,43.3,3.65,Delhi,3783.4,Moderate,High Risk,6
2025-12-20 07:00:00,90.6,88.7,1042.0,14.7,178.0,44.3,3.8,Delhi,3569.3,Moderate,High Risk,7
2025-12-20 08:00:00,82.7,80.1,952.0,10.5,198.0,45.1,3.1,Delhi,3369.0,Moderate,High Risk,8
2025-12-20 09:00:00,78.5,75.7,939.0,12.8,202.0,46.5,1.95,Delhi,3335.2,Moderate,High Risk,9
2025-12-20 10:00:00,76.1,73.3,1023.0,25.2,184.0,47.8,0.85,Delhi,3484.8,Moderate,High Risk,10
2025-12-20 11:00:00,79.4,77.1,1184.0,44.2,150.0,49.6,0.2,Delhi,3816.9,Moderate,High Risk,11
2025-12-20 12:00:00,104.1,101.7,1420.0,65.2,114.0,55.5,0.0,Delhi,4485.6,Unhealthy,High Risk,12
2025-12-20 13:00:00,135.5,133.2,1776.0,90.1,76.0,68.4,0.0,Delhi,5486.5,Unhealthy,High Risk,13
2025-12-20 14:00:00,165.8,163.9,2208.0,117.1,37.0,85.2,0.0,Delhi,6653.1,Unhealthy,High Risk,14
2025-12-20 15:00:00,191.9,190.0,2584.0,135.8,8.0,100.1,0.0,Delhi,7661.3,Unhealthy,High Risk,15
2025-12-20 16:00:00,212.3,210.5,2894.0,140.8,0.0,113.0,0.0,Delhi,8492.6,Very Unhealthy,High Risk,16
2025-12-20 17:00:00,231.9,230.0,3148.0,137.6,0.0,124.0,0.0,Delhi,9188.1,Very Unhealthy,High Risk,17
2025-12-20 18:00:00,242.1,241.2,3245.0,132.2,0.0,127.0,0.0,Delhi,9459.1,Very Unhealthy,High Risk,18
2025-12-20 19:00:00,239.3,237.5,3078.0,126.9,0.0,117.0,0.0,Delhi,9037.0,Very Unhealthy,High Risk,19
2025-12-20 20:00:00,224.0,222.6,2755.0,119.5,1.0,98.9,0.0,Delhi,8171.6,Very Unhealthy,High Risk,20
2025-12-20 21:00:00,201.2,199.8,2495.0,109.5,5.0,82.3,0.0,Delhi,7374.799999999999,Unhealthy,High Risk,21
2025-12-20 22:00:00,180.7,179.3,2379.0,94.8,14.0,69.5,0.0,Delhi,6895.8,Unhealthy,High Risk,22
2025-12-20 23:00:00,163.9,163.0,2326.0,77.5,27.0,58.1,0.0,Delhi,6582.1,Unhealthy,High Risk,23
2025-12-21 00:00:00,150.9,149.9,2262.5,63.8,38.0,49.8,0.0,Delhi,6295.6,Unhealthy,High Risk,0
2025-12-21 01:00:00,143.0,142.0,2148.0,57.5,42.0,46.0,0.0,Delhi,5975.0,Unhealthy,High Risk,1
2025-12-21 02:00:00,141.1,139.7,2047.2,54.8,44.0,45.5,0.05,Delhi,5749.4,Unhealthy,High Risk,2
2025-12-21 03:00:00,137.4,136.4,1902.0,50.9,58.0,46.0,0.45,Delhi,5459.8,Unhealthy,High Risk,3
2025-12-21 04:00:00,134.6,133.6,1769.0,43.0,96.0,46.7,1.25,Delhi,5256.6,Unhealthy,High Risk,4
2025-12-21 05:00:00,128.5,127.1,1612.0,33.8,146.0,48.6,2.2,Delhi,5012.6,Unhealthy,High Risk,5
2025-12-21 06:00:00,118.0,116.4,1471.0,26.7,189.0,52.0,2.9,Delhi,4759.8,Unhealthy,High Risk,6
2025-12-21 07:00:00,106.9,105.0,1329.0,21.1,222.0,57.9,2.95,Delhi,4485.7,Unhealthy,High Risk,7
2025-12-21 08:00:00,101.0,99.0,1204.0,17.6,247.0,65.4,2.45,Delhi,4279.0,Moderate,High Risk,8
2025-12-21 09:00:00,101.0,98.5,1189.0,21.8,254.0,72.5,1.55,Delhi,4312.7,Moderate,High Risk,9
2025-12-21 10:00:00,102.4,99.9,1378.0,40.5,229.0,79.1,0.7,Delhi,4728.1,Moderate,High Risk,10
2025-12-21 11:00:00,113.2,110.8,1677.0,66.9,186.0,85.3,0.15,Delhi,5414.4,Unhealthy,High Risk,11
2025-12-21 12:00:00,150.4,148.1,1897.0,86.2,154.0,89.6,0.0,Delhi,6150.9,Unhealthy,High Risk,12
2025-12-17 00:00:00,80.8,74.5,505.0,11.8,116.0,23.2,0.0,Hyderabad,2112.9,Moderate,High Risk,0
2025-12-17 01:00:00,86.4,79.6,780.0,18.9,111.0,24.9,0.0,Hyderabad,2725.4,Moderate,High Risk,1
2025-12-17 02:00:00,99.0,92.2,1154.0,28.4,104.0,26.9,0.35,Hyderabad,3599.2,Moderate,High Risk,2
2025-12-17 03:00:00,86.1,81.7,1337.0,32.4,105.0,27.2,1.5,Hyderabad,3894.2,Moderate,High Risk,3
2025-12-17 04:00:00,71.5,65.4,1141.0,25.4,122.0,24.4,3.35,Hyderabad,3388.7,Moderate,High Risk,4
2025-12-17 05:00:00,62.6,56.0,754.0,12.8,148.0,20.0,5.4,Hyderabad,2551.0,Moderate,High Risk,5
2025-12-17 06:00:00,57.5,50.8,459.0,3.4,167.0,16.6,6.75,Hyderabad,1925.5,Moderate,High Risk,6
2025-12-17 07:00:00,53.8,47.3,372.0,0.7,174.0,15.3,6.8,Hyderabad,1727.9,Good,High Risk,7
2025-12-17 08:00:00,51.3,45.3,377.0,1.1,174.0,15.0,5.55,Hyderabad,1720.8,Good,High Risk,8
2025-12-17 09:00:00,49.9,44.4,400.0,2.8,170.0,15.1,3.55,Hyderabad,1753.3,Good,High Risk,9
2025-12-17 10:00:00,49.9,44.7,425.0,5.6,161.0,15.2,1.65,Hyderabad,1789.4,Good,High Risk,10
2025-12-17 11:00:00,51.0,46.2,468.0,9.8,147.0,15.7,0.45,Hyderabad,1863.0,Good,High Risk,11
2025-12-17 12:00:00,55.8,51.9,513.0,14.2,133.0,16.8,0.0,Hyderabad,1975.9,Moderate,High Risk,12
2025-12-17 13:00:00,64.0,60.1,556.0,19.2,119.0,18.6,0.0,Hyderabad,2112.7,Moderate,High Risk,13
2025-12-17 14:00:00,70.3,66.4,601.0,24.4,105.0,21.0,0.0,Hyderabad,2241.5,Moderate,High Risk,14
2025-12-17 15:00:00,76.4,71.9,637.0,27.9,96.0,23.5,0.0,Hyderabad,2356.3,Moderate,High Risk,15
2025-12-17 16:00:00,82.7,77.5,668.0,28.7,95.0,26.1,0.0,Hyderabad,2475.8,Moderate,High Risk,16
2025-12-17 17:00:00,88.7,82.9,690.0,27.7,100.0,28.9,0.0,Hyderabad,2587.0,Moderate,High Risk,17
2025-12-17 18:00:00,92.9,86.8,686.0,25.8,105.0,31.5,0.0,Hyderabad,2628.9,Moderate,High Risk,18
2025-12-17 19:00:00,95.2,88.5,634.0,22.8,111.0,33.9,0.0,Hyderabad,2555.9,Moderate,High Risk,19
2025-12-17 20:00:00,97.3,90.3,556.0,18.9,117.0,36.2,0.0,Hyderabad,2426.8,Moderate,High Risk,20
2025-12-17 21:00:00,98.7,91.3,502.0,15.6,122.0,38.3,0.0,Hyderabad,2338.2,Moderate,High Risk,21
2025-12-17 22:00:00,99.0,91.3,475.0,13.1,124.0,40.2,0.0,Hyderabad,2288.7,Moderate,High Risk,22
2025-12-17 23:00:00,98.3,90.6,473.0,11.2,125.0,42.0,0.0,Hyderabad,2281.7,Moderate,High Risk,23
2025-12-18 00:00:00,97.3,89.6,540.0,11.0,124.0,43.1,0.0,Hyderabad,2408.3,Moderate,High Risk,0
2025-12-18 01:00:00,98.0,90.6,768.0,14.4,120.0,44.1,0.0,Hyderabad,2877.0,Moderate,High Risk,1
2025-12-18 02:00:00,97.8,91.3,1066.0,19.5,115.0,44.4,0.35,Hyderabad,3482.5,Moderate,High Risk,2
2025-12-18 03:00:00,84.3,80.6,1201.0,21.6,116.0,42.5,1.45,Hyderabad,3662.3,Moderate,High Risk,3
2025-12-18 04:00:00,72.2,68.9,1019.0,17.4,129.0,36.6,3.35,Hyderabad,3202.1,Moderate,High Risk,4
2025-12-18 05:00:00,50.4,47.8,675.0,10.2,149.0,28.5,5.45,Hyderabad,2342.0,Good,High Risk,5
2025-12-18 06:00:00,38.2,36.1,404.0,4.7,162.0,21.5,6.8,Hyderabad,1693.9,Good,High Risk,6
2025-12-18 07:00:00,31.4,29.8,300.0,2.5,164.0,16.9,6.95,Hyderabad,1412.8,Good,High Risk,7
2025-12-18 08:00:00,26.6,25.1,270.0,2.0,159.0,13.4,5.75,Hyderabad,1283.9,Good,High Risk,8
2025-12-18 09:00:00,23.3,22.0,269.0,2.8,151.0,11.1,3.75,Hyderabad,1226.5,Good,High Risk,9
2025-12-18 10:00:00,21.3,20.1,288.0,5.0,140.0,9.8,1.8,Hyderabad,1219.6,Good,High Risk,10
2025-12-18 11:00:00,20.3,19.2,337.0,8.5,125.0,9.6,0.5,Hyderabad,1278.3,Good,High Risk,11
2025-12-18 12:00:00,23.1,22.2,395.0,13.4,110.0,10.5,0.0,Hyderabad,1395.9,Good,High Risk,12
2025-12-18 13:00:00,28.9,27.9,468.0,20.9,94.0,12.9,0.0,Hyderabad,1579.4,Good,High Risk,13
2025-12-18 14:00:00,33.6,32.7,551.0,29.8,77.0,16.4,0.0,Hyderabad,1782.1,Good,High Risk,14
2025-12-18 15:00:00,37.6,36.6,608.0,36.2,65.0,19.6,0.0,Hyderabad,1930.0,Good,High Risk,15
2025-12-18 16:00:00,41.1,40.2,629.0,38.6,60.0,22.5,0.0,Hyderabad,2006.7,Good,High Risk,16
2025-12-18 17:00:00,44.1,43.1,624.0,38.5,59.0,25.3,0.0,Hyderabad,2028.0,Good,High Risk,17
2025-12-18 18:00:00,44.9,43.8,590.0,36.3,60.0,26.6,0.0,Hyderabad,1965.3,Good,High Risk,18
2025-12-18 19:00:00,42.3,41.0,506.0,31.1,63.0,25.7,0.0,Hyderabad,1760.1,Good,High Risk,19
2025-12-18 20:00:00,38.8,37.5,394.0,23.7,68.0,23.4,0.0,Hyderabad,1484.3,Good,High Risk,20
2025-12-18 21:00:00,34.3,32.9,315.0,17.7,72.0,21.2,0.0,Hyderabad,1269.0,Good,High Risk,21
2025-12-18 22:00:00,29.3,27.8,275.0,13.9,73.0,19.4,0.0,Hyderabad,1129.1,Good,High Risk,22
2025-12-18 23:00:00,25.5,24.0,268.0,11.5,73.0,17.7,0.0,Hyderabad,1068.3,Good,High Risk,23
2025-12-19 00:00:00,23.6,22.1,337.0,10.8,72.0,16.9,0.0,Hyderabad,1182.1,Good,High Risk,0
2025-12-19 01:00:00,24.8,23.1,578.0,13.7,68.0,17.9,0.0,Hyderabad,1676.3,Good,High Risk,1
2025-12-19 02:00:00,28.5,26.6,896.0,18.4,63.0,19.9,0.35,Hyderabad,2352.7,Good,High Risk,2
2025-12-19 03:00:00,25.6,24.0,1048.0,20.3,66.0,20.6,1.5,Hyderabad,2654.4,Good,High Risk,3
2025-12-19 04:00:00,22.7,20.4,868.0,16.4,84.0,18.8,3.4,Hyderabad,2298.9,Good,High Risk,4
2025-12-19 05:00:00,21.1,18.0,522.0,9.6,111.0,15.9,5.45,Hyderabad,1632.3,Good,High Risk,5
2025-12-19 06:00:00,19.5,16.6,263.0,4.4,131.0,13.3,6.8,Hyderabad,1131.3,Good,High Risk,6
2025-12-19 07:00:00,18.9,16.1,200.0,2.4,140.0,11.7,6.9,Hyderabad,1013.5999999999999,Good,High Risk,7
2025-12-19 08:00:00,18.6,15.9,224.0,2.0,143.0,10.6,5.7,Hyderabad,1062.7,Good,High Risk,8
2025-12-19 09:00:00,18.7,16.1,263.0,2.7,141.0,9.9,3.75,Hyderabad,1136.0,Good,High Risk,9
2025-12-19 10:00:00,18.9,16.3,295.0,4.3,135.0,9.5,1.75,Hyderabad,1188.4,Good,High Risk,10
2025-12-19 11:00:00,19.2,16.7,342.0,7.1,124.0,9.5,0.5,Hyderabad,1263.5,Good,High Risk,11
2025-12-19 12:00:00,21.7,19.6,395.0,11.5,112.0,10.5,0.0,Hyderabad,1377.1,Good,High Risk,12
2025-12-19 13:00:00,28.4,26.3,460.0,18.8,97.0,12.8,0.0,Hyderabad,1554.1,Good,High Risk,13
2025-12-19 14:00:00,34.1,31.9,532.0,27.7,80.0,16.1,0.0,Hyderabad,1741.0,Good,High Risk,14
2025-12-19 15:00:00,39.0,36.6,586.0,34.7,67.0,19.3,0.0,Hyderabad,1889.0,Good,High Risk,15
2025-12-19 16:00:00,44.0,41.4,619.0,38.5,60.0,22.4,0.0,Hyderabad,2000.6,Good,High Risk,16
2025-12-19 17:00:00,50.1,47.3,633.0,40.2,57.0,25.5,0.0,Hyderabad,2086.6,Good,High Risk,17
2025-12-19 18:00:00,54.2,51.3,612.0,40.2,56.0,27.7,0.0,Hyderabad,2082.7,Moderate,High Risk,18
2025-12-19 19:00:00,55.9,52.9,526.0,37.7,56.0,28.6,0.0,Hyderabad,1917.4,Moderate,High Risk,19
2025-12-19 20:00:00,57.2,54.1,404.0,33.4,58.0,28.6,0.0,Hyderabad,1672.1,Moderate,High Risk,20
2025-12-19 21:00:00,58.0,54.8,319.0,29.2,59.0,28.0,0.0,Hyderabad,1491.8,Moderate,High Risk,21
2025-12-19 22:00:00,57.0,53.9,277.0,25.1,59.0,26.3,0.0,Hyderabad,1377.1,Moderate,High Risk,22
2025-12-19 23:00:00,54.6,51.5,271.0,21.0,58.0,24.0,0.0,Hyderabad,1317.3,Moderate,High Risk,23
2025-12-20 00:00:00,51.9,48.8,362.0,18.8,58.0,22.4,0.0,Hyderabad,1462.5,Good,High Risk,0
2025-12-20 01:00:00,52.0,48.9,668.0,20.7,56.0,22.4,0.0,Hyderabad,2076.9,Good,High Risk,1
2025-12-20 02:00:00,55.9,52.7,1071.0,24.5,56.0,23.0,0.35,Hyderabad,2931.2,Moderate,High Risk,2
2025-12-20 03:00:00,44.6,42.6,1267.0,25.3,64.0,23.1,1.45,Hyderabad,3266.4,Good,High Risk,3
2025-12-20 04:00:00,32.8,30.3,1054.0,19.7,91.0,21.9,3.3,Hyderabad,2797.3,Good,High Risk,4
2025-12-20 05:00:00,28.0,24.9,634.0,11.1,126.0,20.1,5.3,Hyderabad,1979.3,Good,High Risk,5
2025-12-20 06:00:00,27.0,23.9,320.0,4.6,154.0,18.2,6.6,Hyderabad,1393.7,Good,High Risk,6
2025-12-20 07:00:00,26.4,23.5,244.0,2.2,166.0,16.3,6.7,Hyderabad,1256.7,Good,High Risk,7
2025-12-20 08:00:00,25.9,23.2,273.0,2.0,170.0,14.3,5.55,Hyderabad,1314.9,Good,High Risk,8
2025-12-20 09:00:00,25.6,23.1,316.0,2.9,169.0,12.9,3.6,Hyderabad,1394.5,Good,High Risk,9
2025-12-20 10:00:00,25.4,23.1,346.0,4.7,162.0,12.1,1.7,Hyderabad,1436.9,Good,High Risk,10
2025-12-20 11:00:00,25.6,23.4,389.0,7.7,148.0,11.8,0.45,Hyderabad,1493.8,Good,High Risk,11
2025-12-20 12:00:00,28.2,26.5,435.0,11.5,134.0,12.2,0.0,Hyderabad,1583.9,Good,High Risk,12
2025-12-20 13:00:00,34.2,32.5,481.0,17.1,117.0,13.6,0.0,Hyderabad,1700.9,Good,High Risk,13
2025-12-20 14:00:00,38.2,36.4,528.0,23.5,99.0,15.6,0.0,Hyderabad,1806.0,Good,High Risk,14
2025-12-20 15:00:00,40.7,39.0,572.0,28.2,86.0,17.7,0.0,Hyderabad,1902.7,Good,High Risk,15
2025-12-20 16:00:00,43.8,41.8,623.0,29.9,83.0,19.7,0.0,Hyderabad,2033.8,Good,High Risk,16
2025-12-20 17:00:00,47.3,45.2,670.0,29.9,85.0,21.6,0.0,Hyderabad,2168.9,Good,High Risk,17
2025-12-20 18:00:00,50.3,48.1,677.0,29.0,87.0,23.3,0.0,Hyderabad,2215.6,Good,High Risk,18
2025-12-20 19:00:00,52.2,49.8,610.0,27.4,88.0,24.4,0.0,Hyderabad,2096.8,Good,High Risk,19
2025-12-20 20:00:00,54.5,52.0,503.0,25.0,89.0,25.2,0.0,Hyderabad,1897.3,Moderate,High Risk,20
2025-12-20 21:00:00,56.3,53.9,425.0,22.5,90.0,26.1,0.0,Hyderabad,1752.8,Moderate,High Risk,21
2025-12-20 22:00:00,57.0,54.5,407.0,19.5,93.0,27.2,0.0,Hyderabad,1723.3,Moderate,High Risk,22
2025-12-20 23:00:00,56.6,54.0,417.0,16.5,96.0,28.5,0.0,Hyderabad,1741.8,Moderate,High Risk,23
2025-12-21 00:00:00,56.1,53.7,461.5,15.5,98.0,29.5,0.0,Hyderabad,1833.8,Moderate,High Risk,0
2025-12-21 01:00:00,58.7,56.1,519.0,19.1,96.0,30.9,0.0,Hyderabad,1982.6,Moderate,High Risk,1
2025-12-21 02:00:00,65.4,62.9,616.8,24.8,93.0,32.1,0.3,Hyderabad,2250.9,Moderate,High Risk,2
2025-12-21 03:00:00,52.2,50.5,701.0,26.6,97.0,31.3,1.4,Hyderabad,2333.7,Moderate,High Risk,3
2025-12-21 04:00:00,39.2,37.3,622.0,20.5,115.0,26.8,3.15,Hyderabad,2082.3,Good,High Risk,4
2025-12-21 05:00:00,32.8,30.9,495.0,10.4,141.0,20.3,5.1,Hyderabad,1788.7,Good,High Risk,5
2025-12-21 06:00:00,31.4,29.5,400.0,3.0,160.0,15.5,6.4,Hyderabad,1595.7,Good,High Risk,6
2025-12-21 07:00:00,31.5,29.7,373.0,0.8,168.0,13.9,6.5,Hyderabad,1551.8,Good,High Risk,7
2025-12-21 08:00:00,31.8,29.9,378.0,1.1,169.0,14.0,5.4,Hyderabad,1568.3,Good,High Risk,8
2025-12-21 09:00:00,32.2,30.5,393.0,2.4,167.0,14.2,3.55,Hyderabad,1602.5,Good,High Risk,9
2025-12-21 10:00:00,32.6,31.0,415.0,4.7,159.0,14.2,1.65,Hyderabad,1635.4,Good,High Risk,10
2025-12-21 11:00:00,33.6,32.0,446.0,8.0,147.0,14.4,0.45,Hyderabad,1683.4,Good,High Risk,11
2025-12-21 12:00:00,37.0,35.6,468.0,10.4,138.0,14.6,0.0,Hyderabad,1739.0,Good,High Risk,12
2025-12-17 00:00:00,183.5,178.8,983.0,46.2,31.0,37.9,0.0,Kolkata,3839.8999999999996,Unhealthy,High Risk,0
2025-12-17 01:00:00,177.9,174.2,1142.0,40.9,44.0,35.2,0.05,Kolkata,4125.1,Unhealthy,High Risk,1
2025-12-17 02:00:00,163.9,161.1,1374.0,36.1,62.0,33.3,0.5,Kolkata,4508.8,Unhealthy,High Risk,2
2025-12-17 03:00:00,151.8,149.0,1457.0,30.3,87.0,32.2,1.4,Kolkata,4625.4,Unhealthy,High Risk,3
2025-12-17 04:00:00,138.3,134.6,1236.0,22.1,126.0,32.2,2.6,Kolkata,4155.1,Unhealthy,High Risk,4
2025-12-17 05:00:00,117.1,111.8,866.0,13.0,172.0,32.9,3.55,Kolkata,3341.8999999999996,Unhealthy,High Risk,5
2025-12-17 06:00:00,94.3,87.5,587.0,6.4,205.0,33.1,3.9,Kolkata,2667.4,Moderate,High Risk,6
2025-12-17 07:00:00,94.8,86.1,496.0,3.3,219.0,31.8,3.45,Kolkata,2504.3,Moderate,High Risk,7
2025-12-17 08:00:00,96.2,87.5,495.0,2.6,221.0,30.0,2.35,Kolkata,2509.5,Moderate,High Risk,8
2025-12-17 09:00:00,97.3,88.7,537.0,4.8,213.0,29.0,1.2,Kolkata,2583.6,Moderate,High Risk,9
2025-12-17 10:00:00,98.0,90.1,635.0,11.2,193.0,29.3,0.4,Kolkata,2755.5,Moderate,High Risk,10
2025-12-17 11:00:00,106.2,99.9,775.0,20.3,164.0,30.5,0.05,Kolkata,3063.3,Moderate,High Risk,11
2025-12-17 12:00:00,126.2,120.1,865.0,28.4,137.0,32.0,0.0,Kolkata,3361.7,Unhealthy,High Risk,12
2025-12-17 13:00:00,141.1,135.0,855.0,34.2,114.0,34.3,0.0,Kolkata,3424.3,Unhealthy,High Risk,13
2025-12-17 14:00:00,149.9,143.9,796.0,38.8,94.0,37.1,0.0,Kolkata,3346.8,Unhealthy,High Risk,14
2025-12-17 15:00:00,155.5,149.9,747.0,41.9,77.0,38.7,0.0,Kolkata,3263.3999999999996,Unhealthy,High Risk,15
2025-12-17 16:00:00,161.1,155.5,731.0,43.1,66.0,38.5,0.0,Kolkata,3247.2,Unhealthy,High Risk,16
2025-12-17 17:00:00,163.4,157.9,726.0,42.7,59.0,37.2,0.0,Kolkata,3228.3,Unhealthy,High Risk,17
2025-12-17 18:00:00,160.2,155.1,720.0,41.1,55.0,35.3,0.0,Kolkata,3166.7,Unhealthy,High Risk,18
2025-12-17 19:00:00,156.5,151.8,701.0,37.6,53.0,32.7,0.0,Kolkata,3070.7,Unhealthy,High Risk,19
2025-12-17 20:00:00,151.8,147.6,682.0,32.9,53.0,29.6,0.0,Kolkata,2966.4,Unhealthy,High Risk,20
2025-12-17 21:00:00,147.1,143.0,690.0,28.9,53.0,27.0,0.0,Kolkata,2918.8999999999996,Unhealthy,High Risk,21
2025-12-17 22:00:00,142.0,138.8,746.0,26.6,50.0,25.3,0.0,Kolkata,2969.6000000000004,Unhealthy,High Risk,22
2025-12-17 23:00:00,137.8,134.6,828.0,25.1,48.0,24.2,0.0,Kolkata,3083.6000000000004,Unhealthy,High Risk,23
2025-12-18 00:00:00,135.0,132.2,904.0,23.9,50.0,24.0,0.0,Kolkata,3215.6,Unhealthy,High Risk,0
2025-12-18 01:00:00,136.4,134.1,983.0,23.6,59.0,25.6,0.1,Kolkata,3419.5,Unhealthy,High Risk,1
2025-12-18 02:00:00,131.3,129.5,1054.0,23.6,74.0,28.0,0.6,Kolkata,3577.8,Unhealthy,High Risk,2
2025-12-18 03:00:00,123.4,122.0,1053.0,22.0,94.0,28.5,1.7,Kolkata,3570.2,Unhealthy,High Risk,3
2025-12-18 04:00:00,108.5,106.4,918.0,17.1,126.0,25.4,3.15,Kolkata,3241.5,Unhealthy,High Risk,4
2025-12-18 05:00:00,79.2,76.6,712.0,10.5,164.0,20.5,4.4,Kolkata,2660.6,Moderate,High Risk,5
2025-12-18 06:00:00,48.0,44.9,553.0,5.6,191.0,16.4,4.85,Kolkata,2135.5,Good,High Risk,6
2025-12-18 07:00:00,39.0,35.5,470.0,2.8,202.0,13.8,4.25,Kolkata,1906.9,Good,High Risk,7
2025-12-18 08:00:00,37.3,33.6,436.0,1.7,203.0,12.1,2.9,Kolkata,1816.1,Good,High Risk,8
2025-12-18 09:00:00,36.7,33.2,485.0,4.2,196.0,12.0,1.5,Kolkata,1898.9,Good,High Risk,9
2025-12-18 10:00:00,36.7,33.4,689.0,12.3,178.0,13.9,0.45,Kolkata,2293.9,Good,High Risk,10
2025-12-18 11:00:00,49.4,46.8,977.0,23.9,152.0,17.5,0.05,Kolkata,2957.8,Good,High Risk,11
2025-12-18 12:00:00,73.3,70.8,1171.0,35.0,126.0,22.0,0.0,Kolkata,3521.9,Moderate,High Risk,12
2025-12-18 13:00:00,92.4,90.1,1170.0,45.1,103.0,28.5,0.0,Kolkata,3671.1,Moderate,High Risk,13
2025-12-18 14:00:00,105.9,103.6,1076.0,54.7,80.0,35.9,0.0,Kolkata,3590.1,Unhealthy,High Risk,14
2025-12-18 15:00:00,116.2,113.4,1016.0,60.6,63.0,40.9,0.0,Kolkata,3542.6,Unhealthy,High Risk,15
2025-12-18 16:00:00,119.7,116.4,1058.0,61.1,55.0,41.7,0.0,Kolkata,3633.3,Unhealthy,High Risk,16
2025-12-18 17:00:00,118.0,114.3,1134.0,58.0,53.0,39.9,0.0,Kolkata,3744.1,Unhealthy,High Risk,17
2025-12-18 18:00:00,112.2,108.7,1172.0,53.5,53.0,37.2,0.0,Kolkata,3745.8999999999996,Unhealthy,High Risk,18
2025-12-18 19:00:00,104.8,101.5,1122.0,47.3,53.0,33.3,0.0,Kolkata,3547.3,Unhealthy,High Risk,19
2025-12-18 20:00:00,98.0,94.8,1035.0,39.6,55.0,28.3,0.0,Kolkata,3274.6,Moderate,High Risk,20
2025-12-18 21:00:00,93.8,90.6,984.0,33.8,55.0,24.4,0.0,Kolkata,3100.2,Moderate,High Risk,21
2025-12-18 22:00:00,92.0,88.7,999.0,31.4,51.0,22.3,0.0,Kolkata,3085.3,Moderate,High Risk,22
2025-12-18 23:00:00,92.2,88.9,1052.0,30.8,46.0,21.1,0.0,Kolkata,3170.7,Moderate,High Risk,23
2025-12-19 00:00:00,94.1,90.6,1129.0,30.2,48.0,20.6,0.0,Kolkata,3340.5,Moderate,High Risk,0
2025-12-19 01:00:00,103.8,99.7,1284.0,29.4,60.0,21.1,0.1,Kolkata,3759.9,Moderate,High Risk,1
2025-12-19 02:00:00,107.1,103.1,1464.0,28.6,78.0,22.2,0.6,Kolkata,4202.0,Unhealthy,High Risk,2
2025-12-19 03:00:00,93.8,91.5,1501.0,26.0,101.0,22.3,1.75,Kolkata,4237.1,Moderate,High Risk,3
2025-12-19 04:00:00,78.2,76.4,1259.0,19.7,132.0,20.5,3.2,Kolkata,3691.4,Moderate,High Risk,4
2025-12-19 05:00:00,56.9,55.2,875.0,11.5,167.0,17.7,4.4,Kolkata,2814.5,Moderate,High Risk,5
2025-12-19 06:00:00,37.4,35.7,587.0,5.5,192.0,15.4,4.75,Kolkata,2124.3,Good,High Risk,6
2025-12-19 07:00:00,31.8,30.0,492.0,2.4,202.0,13.7,4.1,Kolkata,1899.8,Good,High Risk,7
2025-12-19 08:00:00,31.0,29.2,493.0,1.5,201.0,12.6,2.85,Kolkata,1884.4,Good,High Risk,8
2025-12-19 09:00:00,31.2,29.4,543.0,4.1,194.0,12.9,1.45,Kolkata,1976.6,Good,High Risk,9
2025-12-19 10:00:00,31.8,30.0,655.0,12.1,178.0,15.3,0.45,Kolkata,2199.0,Good,High Risk,10
2025-12-19 11:00:00,42.8,41.2,815.0,23.7,156.0,19.2,0.05,Kolkata,2604.0,Good,High Risk,11
2025-12-19 12:00:00,70.8,69.4,935.0,34.8,132.0,24.0,0.0,Kolkata,3060.6,Moderate,High Risk,12
2025-12-19 13:00:00,98.5,96.9,957.0,45.0,107.0,30.6,0.0,Kolkata,3317.4,Moderate,High Risk,13
2025-12-19 14:00:00,122.5,120.6,939.0,54.7,81.0,38.0,0.0,Kolkata,3462.3,Unhealthy,High Risk,14
2025-12-19 15:00:00,136.9,133.2,960.0,61.0,60.0,42.9,0.0,Kolkata,3592.3,Unhealthy,High Risk,15
2025-12-19 16:00:00,142.0,136.9,1082.0,61.5,46.0,43.1,0.0,Kolkata,3830.9,Unhealthy,High Risk,16
2025-12-19 17:00:00,143.9,138.8,1244.0,58.5,36.0,40.8,0.0,Kolkata,4118.9,Unhealthy,High Risk,17
2025-12-19 18:00:00,145.3,139.7,1339.0,56.4,28.0,39.1,0.0,Kolkata,4278.4,Unhealthy,High Risk,18
2025-12-19 19:00:00,149.0,143.0,1309.0,56.6,22.0,39.4,0.0,Kolkata,4230.0,Unhealthy,High Risk,19
2025-12-19 20:00:00,156.0,149.5,1212.0,57.5,18.0,40.4,0.0,Kolkata,4085.1,Unhealthy,High Risk,20
2025-12-19 21:00:00,163.9,157.4,1120.0,58.9,15.0,41.3,0.0,Kolkata,3964.5,Unhealthy,High Risk,21
2025-12-19 22:00:00,169.0,162.5,1045.0,62.1,8.0,42.3,0.0,Kolkata,3851.1000000000004,Unhealthy,High Risk,22
2025-12-19 23:00:00,169.5,163.0,975.0,65.8,1.0,43.2,0.0,Kolkata,3712.5,Unhealthy,High Risk,23
2025-12-20 00:00:00,167.2,160.7,943.0,65.5,6.0,42.7,0.0,Kolkata,3641.8999999999996,Unhealthy,High Risk,0
2025-12-20 01:00:00,172.3,166.2,1001.0,58.6,30.0,40.3,0.05,Kolkata,3835.5,Unhealthy,High Risk,1
2025-12-20 02:00:00,169.0,163.9,1097.0,47.8,66.0,36.5,0.6,Kolkata,4055.7,Unhealthy,High Risk,2
2025-12-20 03:00:00,119.7,115.7,1110.0,36.7,102.0,32.0,1.65,Kolkata,3738.4,Unhealthy,High Risk,3
2025-12-20 04:00:00,82.7,81.0,954.0,25.1,137.0,26.0,3.1,Kolkata,3176.5,Moderate,High Risk,4
2025-12-20 05:00:00,56.7,55.1,715.0,13.2,173.0,19.2,4.2,Kolkata,2524.2,Moderate,High Risk,5
2025-12-20 06:00:00,38.8,36.9,534.0,4.7,197.0,14.2,4.3,Kolkata,2035.5,Good,High Risk,6
2025-12-20 07:00:00,35.5,33.8,458.0,1.2,206.0,11.9,3.75,Kolkata,1861.9,Good,High Risk,7
2025-12-20 08:00:00,34.7,32.8,440.0,1.2,204.0,11.3,2.7,Kolkata,1810.1,Good,High Risk,8
2025-12-20 09:00:00,34.8,32.9,479.0,4.1,195.0,11.9,1.4,Kolkata,1875.9,Good,High Risk,9
2025-12-20 10:00:00,35.0,33.3,609.0,11.0,177.0,13.7,0.45,Kolkata,2119.3,Good,High Risk,10
2025-12-20 11:00:00,44.9,43.7,796.0,20.9,151.0,16.8,0.05,Kolkata,2549.0,Good,High Risk,11
2025-12-20 12:00:00,62.2,61.0,935.0,29.6,127.0,20.2,0.0,Kolkata,2941.8,Moderate,High Risk,12
2025-12-20 13:00:00,80.1,78.9,981.0,36.4,107.0,24.6,0.0,Kolkata,3161.8,Moderate,High Risk,13
2025-12-20 14:00:00,95.5,94.1,979.0,42.0,90.0,29.5,0.0,Kolkata,3271.0,Moderate,High Risk,14
2025-12-20 15:00:00,103.8,102.4,961.0,45.3,76.0,32.4,0.0,Kolkata,3284.2,Unhealthy,High Risk,15
2025-12-20 16:00:00,108.7,107.3,930.0,45.1,68.0,32.0,0.0,Kolkata,3235.0,Unhealthy,High Risk,16
2025-12-20 17:00:00,111.5,110.1,884.0,42.6,63.0,29.6,0.0,Kolkata,3130.8,Unhealthy,High Risk,17
2025-12-20 18:00:00,111.1,109.7,843.0,39.3,60.0,26.9,0.0,Kolkata,3012.6,Unhealthy,High Risk,18
2025-12-20 19:00:00,109.2,107.8,815.0,35.3,58.0,24.2,0.0,Kolkata,2908.6,Unhealthy,High Risk,19
2025-12-20 20:00:00,103.6,102.4,792.0,30.7,57.0,21.3,0.0,Kolkata,2785.8,Unhealthy,High Risk,20
2025-12-20 21:00:00,96.6,95.5,779.0,26.8,56.0,19.0,0.0,Kolkata,2676.5,Moderate,High Risk,21
2025-12-20 22:00:00,91.5,90.3,780.0,24.4,54.0,17.5,0.0,Kolkata,2615.6,Moderate,High Risk,22
2025-12-20 23:00:00,88.9,87.5,789.0,22.7,53.0,16.6,0.0,Kolkata,2598.4,Moderate,High Risk,23
2025-12-21 00:00:00,89.9,88.5,813.5,21.7,56.0,16.4,0.0,Kolkata,2659.6,Moderate,High Risk,0
2025-12-21 01:00:00,97.8,96.4,848.5,22.0,66.0,17.5,0.05,Kolkata,2828.4,Moderate,High Risk,1
2025-12-21 02:00:00,101.7,100.6,913.0,22.9,81.0,19.2,0.6,Kolkata,3045.5,Unhealthy,High Risk,2
2025-12-21 03:00:00,91.5,90.3,942.0,21.9,100.0,19.8,1.7,Kolkata,3076.8,Moderate,High Risk,3
2025-12-21 04:00:00,77.3,75.9,808.0,16.8,129.0,18.0,3.15,Kolkata,2753.6,Moderate,High Risk,4
2025-12-21 05:00:00,55.4,53.8,614.0,9.9,162.0,15.0,4.35,Kolkata,2248.8,Moderate,High Risk,5
2025-12-21 06:00:00,38.8,37.1,466.0,4.7,187.0,12.7,4.75,Kolkata,1864.5,Good,High Risk,6
2025-12-21 07:00:00,36.2,34.5,403.0,2.2,198.0,11.5,4.15,Kolkata,1735.9,Good,High Risk,7
2025-12-21 08:00:00,35.7,34.0,387.0,1.5,200.0,10.8,2.9,Kolkata,1700.3,Good,High Risk,8
2025-12-21 09:00:00,35.4,33.6,411.0,3.9,194.0,11.3,1.5,Kolkata,1739.0,Good,High Risk,9
2025-12-21 10:00:00,35.7,34.0,498.0,11.7,174.0,13.7,0.5,Kolkata,1896.7,Good,High Risk,10
2025-12-21 11:00:00,46.1,44.8,624.0,22.6,145.0,17.1,0.05,Kolkata,2204.1,Good,High Risk,11
2025-12-21 12:00:00,64.3,63.1,717.0,30.5,124.0,19.6,0.0,Kolkata,2514.8,Moderate,High Risk,12
2025-12-17 00:00:00,51.6,49.8,494.0,25.2,58.0,25.0,0.0,Mumbai,1766.6,Good,High Risk,0
2025-12-17 01:00:00,52.5,50.6,643.0,30.2,51.0,26.6,0.0,Mumbai,2076.7,Moderate,High Risk,1
2025-12-17 02:00:00,56.5,54.6,845.0,36.3,45.0,29.8,0.1,Mumbai,2531.9,Moderate,High Risk,2
2025-12-17 03:00:00,61.2,59.3,953.0,39.6,55.0,32.9,0.8,Mumbai,2841.1,Moderate,High Risk,3
2025-12-17 04:00:00,65.2,62.9,870.0,37.3,89.0,35.1,2.2,Mumbai,2806.7,Moderate,High Risk,4
2025-12-17 05:00:00,68.0,65.4,692.0,32.3,138.0,37.2,4.0,Mumbai,2607.0,Moderate,High Risk,5
2025-12-17 06:00:00,69.8,67.3,556.0,29.4,190.0,39.2,5.55,Mumbai,2502.3,Moderate,High Risk,6
2025-12-17 07:00:00,74.7,72.2,520.0,30.4,251.0,41.6,6.1,Mumbai,2666.1,Moderate,High Risk,7
2025-12-17 08:00:00,86.4,84.1,527.0,33.5,314.0,44.0,5.4,Mumbai,2985.7,Moderate,High Risk,8
2025-12-17 09:00:00,97.3,95.2,541.0,38.0,352.0,44.8,3.8,Mumbai,3237.1,Moderate,High Risk,9
2025-12-17 10:00:00,99.4,97.6,555.0,46.2,347.0,43.2,2.0,Mumbai,3294.8,Moderate,High Risk,10
2025-12-17 11:00:00,93.4,91.3,576.0,55.8,315.0,40.1,0.7,Mumbai,3217.3,Moderate,High Risk,11
2025-12-17 12:00:00,87.5,85.2,589.0,59.3,278.0,36.5,0.1,Mumbai,3083.7,Moderate,High Risk,12
2025-12-17 13:00:00,79.2,76.6,576.0,50.8,237.0,31.9,0.0,Mumbai,2814.4,Moderate,High Risk,13
2025-12-17 14:00:00,68.7,66.4,555.0,36.2,190.0,26.9,0.0,Mumbai,2470.5,Moderate,High Risk,14
2025-12-17 15:00:00,58.9,56.6,562.0,25.2,151.0,24.0,0.0,Mumbai,2233.5,Moderate,High Risk,15
2025-12-17 16:00:00,52.9,50.6,633.0,22.3,126.0,25.5,0.0,Mumbai,2246.9,Moderate,High Risk,16
2025-12-17 17:00:00,51.9,50.1,733.0,23.2,108.0,29.2,0.0,Mumbai,2405.8,Moderate,High Risk,17
2025-12-17 18:00:00,53.1,51.6,789.0,24.4,93.0,31.2,0.0,Mumbai,2496.7,Moderate,High Risk,18
2025-12-17 19:00:00,52.2,50.8,763.0,25.1,80.0,29.4,0.0,Mumbai,2394.6,Moderate,High Risk,19
2025-12-17 20:00:00,51.2,49.8,695.0,26.1,71.0,25.8,0.0,Mumbai,2213.2,Good,High Risk,20
2025-12-17 21:00:00,50.4,49.1,627.0,27.2,62.0,22.9,0.0,Mumbai,2037.1,Good,High Risk,21
2025-12-17 22:00:00,49.5,48.0,556.0,27.8,54.0,21.3,0.0,Mumbai,1858.9,Good,High Risk,22
2025-12-17 23:00:00,48.3,46.8,487.0,28.3,48.0,20.4,0.0,Mumbai,1691.6999999999998,Good,High Risk,23
2025-12-18 00:00:00,47.5,45.8,477.0,30.2,42.0,20.8,0.0,Mumbai,1655.5,Good,High Risk,0
2025-12-18 01:00:00,47.8,46.2,595.0,34.9,32.0,23.3,0.0,Mumbai,1893.2,Good,High Risk,1
2025-12-18 02:00:00,52.9,51.2,773.0,40.9,24.0,27.2,0.1,Mumbai,2305.1,Moderate,High Risk,2
2025-12-18 03:00:00,59.1,57.4,867.0,44.9,31.0,30.4,0.8,Mumbai,2592.5,Moderate,High Risk,3
2025-12-18 04:00:00,63.1,61.2,788.0,44.9,64.0,32.3,2.2,Mumbai,2572.1,Moderate,High Risk,4
2025-12-18 05:00:00,66.6,64.0,626.0,42.8,113.0,33.5,4.0,Mumbai,2416.0,Moderate,High Risk,5
2025-12-18 06:00:00,68.7,65.2,501.0,41.2,165.0,34.4,5.55,Mumbai,2331.5,Moderate,High Risk,6
2025-12-18 07:00:00,73.8,70.5,462.0,41.2,225.0,35.4,6.1,Mumbai,2479.3,Moderate,High Risk,7
2025-12-18 08:00:00,83.1,79.9,462.0,41.6,288.0,36.0,5.45,Mumbai,2747.2,Moderate,High Risk,8
2025-12-18 09:00:00,88.7,85.9,476.0,41.9,321.0,35.3,3.9,Mumbai,2919.4,Moderate,High Risk,9
2025-12-18 10:00:00,83.1,80.3,505.0,42.1,303.0,32.1,2.05,Mumbai,2866.6,Moderate,High Risk,10
2025-12-18 11:00:00,73.1,69.6,550.0,42.1,255.0,27.5,0.7,Mumbai,2710.7,Moderate,High Risk,11
2025-12-18 12:00:00,67.5,64.0,588.0,40.7,210.0,23.8,0.1,Mumbai,2586.5,Moderate,High Risk,12
2025-12-18 13:00:00,61.5,58.0,597.0,36.3,177.0,21.3,0.0,Mumbai,2429.9,Moderate,High Risk,13
2025-12-18 14:00:00,59.4,56.2,599.0,30.5,147.0,19.6,0.0,Mumbai,2298.6,Moderate,High Risk,14
2025-12-18 15:00:00,55.6,52.4,640.0,26.3,124.0,19.7,0.0,Mumbai,2264.8,Moderate,High Risk,15
2025-12-18 16:00:00,56.1,53.2,776.0,24.9,111.0,23.2,0.0,Mumbai,2511.7,Moderate,High Risk,16
2025-12-18 17:00:00,58.0,55.3,951.0,25.2,104.0,28.5,0.0,Mumbai,2879.3,Moderate,High Risk,17
2025-12-18 18:00:00,58.8,56.8,1044.0,26.3,96.0,31.9,0.0,Mumbai,3069.2,Moderate,High Risk,18
2025-12-18 19:00:00,56.7,55.2,985.0,28.4,82.0,31.4,0.0,Mumbai,2901.3,Moderate,High Risk,19
2025-12-18 20:00:00,54.8,53.6,845.0,31.3,67.0,29.0,0.0,Mumbai,2564.6,Moderate,High Risk,20
2025-12-18 21:00:00,54.9,53.7,715.0,34.3,54.0,26.8,0.0,Mumbai,2269.6,Moderate,High Risk,21
2025-12-18 22:00:00,54.2,53.1,610.0,37.1,43.0,25.0,0.0,Mumbai,2025.5,Moderate,High Risk,22
2025-12-18 23:00:00,51.8,50.8,515.0,39.9,34.0,23.4,0.0,Mumbai,1794.6,Moderate,High Risk,23
2025-12-19 00:00:00,49.1,48.3,478.0,42.3,28.0,23.2,0.0,Mumbai,1690.8,Good,High Risk,0
2025-12-19 01:00:00,47.7,46.9,558.0,44.4,21.0,25.4,0.0,Mumbai,1835.8000000000002,Good,High Risk,1
2025-12-19 02:00:00,50.8,49.9,697.0,46.2,17.0,29.1,0.1,Mumbai,2148.1,Good,High Risk,2
2025-12-19 03:00:00,55.8,55.1,768.0,47.3,28.0,32.4,0.8,Mumbai,2381.7,Moderate,High Risk,3
2025-12-19 04:00:00,58.8,58.1,700.0,47.3,62.0,35.0,2.25,Mumbai,2382.1,Moderate,High Risk,4
2025-12-19 05:00:00,59.8,59.0,564.0,46.7,110.0,37.3,4.15,Mumbai,2268.4,Moderate,High Risk,5
2025-12-19 06:00:00,60.3,59.3,452.0,45.8,161.0,38.7,5.7,Mumbai,2202.3999999999996,Moderate,High Risk,6
2025-12-19 07:00:00,62.9,61.9,396.0,45.1,222.0,39.1,6.3,Mumbai,2293.0,Moderate,High Risk,7
2025-12-19 08:00:00,73.8,72.6,364.0,44.1,286.0,38.5,5.65,Mumbai,2500.8,Moderate,High Risk,8
2025-12-19 09:00:00,79.4,78.2,352.0,42.8,318.0,36.6,4.0,Mumbai,2604.8,Moderate,High Risk,9
2025-12-19 10:00:00,69.2,67.8,365.0,40.9,295.0,32.0,2.1,Mumbai,2453.2,Moderate,High Risk,10
2025-12-19 11:00:00,59.1,57.5,399.0,38.6,240.0,26.0,0.7,Mumbai,2241.2,Moderate,High Risk,11
2025-12-19 12:00:00,55.6,53.7,437.0,36.0,190.0,21.9,0.1,Mumbai,2110.9,Moderate,High Risk,12
2025-12-19 13:00:00,48.1,45.9,479.0,32.5,157.0,20.9,0.0,Mumbai,2016.4,Good,High Risk,13
2025-12-19 14:00:00,41.4,39.3,525.0,28.8,128.0,21.9,0.0,Mumbai,1957.5,Good,High Risk,14
2025-12-19 15:00:00,38.5,36.6,565.0,27.1,104.0,23.9,0.0,Mumbai,1944.5,Good,High Risk,15
2025-12-19 16:00:00,39.6,38.0,600.0,28.8,87.0,27.9,0.0,Mumbai,1996.6,Good,High Risk,16
2025-12-19 17:00:00,40.9,39.7,629.0,32.6,75.0,33.1,0.0,Mumbai,2067.0,Good,High Risk,17
2025-12-19 18:00:00,40.7,40.0,634.0,36.5,64.0,36.2,0.0,Mumbai,2072.9,Good,High Risk,18
2025-12-19 19:00:00,40.0,39.6,598.0,40.2,53.0,35.2,0.0,Mumbai,1974.6,Good,High Risk,19
2025-12-19 20:00:00,40.7,40.4,538.0,44.1,44.0,32.1,0.0,Mumbai,1836.9,Good,High Risk,20
2025-12-19 21:00:00,43.4,43.0,486.0,47.7,35.0,29.5,0.0,Mumbai,1731.0,Good,High Risk,21
2025-12-19 22:00:00,45.4,44.9,437.0,51.3,27.0,28.3,0.0,Mumbai,1634.1,Good,High Risk,22
2025-12-19 23:00:00,45.5,45.1,397.0,54.6,20.0,27.6,0.0,Mumbai,1544.8,Good,High Risk,23
2025-12-20 00:00:00,44.6,44.1,417.0,56.1,16.0,27.8,0.0,Mumbai,1571.9,Good,High Risk,0
2025-12-20 01:00:00,43.2,42.6,565.0,54.9,14.0,29.3,0.0,Mumbai,1851.4,Good,High Risk,1
2025-12-20 02:00:00,44.6,44.0,772.0,51.9,15.0,31.6,0.1,Mumbai,2276.8,Good,High Risk,2
2025-12-20 03:00:00,48.5,48.0,884.0,48.8,30.0,33.6,0.8,Mumbai,2573.1,Good,High Risk,3
2025-12-20 04:00:00,48.1,47.5,805.0,45.3,64.0,34.7,2.2,Mumbai,2503.8,Good,High Risk,4
2025-12-20 05:00:00,50.1,49.2,632.0,41.7,112.0,35.4,4.05,Mumbai,2304.7,Good,High Risk,5
2025-12-20 06:00:00,50.1,49.2,496.0,39.8,165.0,36.1,5.6,Mumbai,2186.9,Good,High Risk,6
2025-12-20 07:00:00,58.4,57.6,455.0,41.7,233.0,37.4,6.2,Mumbai,2388.6,Moderate,High Risk,7
2025-12-20 08:00:00,71.5,70.5,453.0,45.4,305.0,38.6,5.55,Mumbai,2724.0,Moderate,High Risk,8
2025-12-20 09:00:00,81.3,80.3,452.0,47.1,342.0,37.8,3.95,Mumbai,2915.0,Moderate,High Risk,9
2025-12-20 10:00:00,63.1,62.2,438.0,44.7,318.0,32.8,2.1,Mumbai,2640.3,Moderate,High Risk,10
2025-12-20 11:00:00,53.8,52.4,427.0,40.2,258.0,25.8,0.7,Mumbai,2315.4,Moderate,High Risk,11
2025-12-20 12:00:00,49.5,47.7,425.0,36.3,203.0,21.4,0.1,Mumbai,2076.8,Good,High Risk,12
2025-12-20 13:00:00,39.9,38.0,416.0,33.6,165.0,21.5,0.0,Mumbai,1857.1,Good,High Risk,13
2025-12-20 14:00:00,37.3,35.3,417.0,31.4,132.0,24.3,0.0,Mumbai,1741.2,Good,High Risk,14
2025-12-20 15:00:00,37.8,36.1,488.0,30.3,106.0,28.3,0.0,Mumbai,1822.3,Good,High Risk,15
2025-12-20 16:00:00,40.4,38.9,691.0,30.9,89.0,34.7,0.0,Mumbai,2227.1,Good,High Risk,16
2025-12-20 17:00:00,44.4,43.3,965.0,32.6,79.0,42.4,0.0,Mumbai,2816.7,Good,High Risk,17
2025-12-20 18:00:00,45.8,45.1,1181.0,34.1,70.0,46.8,0.0,Mumbai,3258.5,Good,High Risk,18
2025-12-20 19:00:00,43.8,43.4,1314.0,34.5,61.0,44.9,0.0,Mumbai,3477.0,Good,High Risk,19
2025-12-20 20:00:00,41.7,41.3,1390.0,34.6,53.0,39.7,0.0,Mumbai,3567.8,Good,High Risk,20
2025-12-20 21:00:00,41.0,40.5,1360.0,35.6,45.0,35.3,0.0,Mumbai,3464.1,Good,High Risk,21
2025-12-20 22:00:00,41.0,40.6,1113.0,38.6,37.0,32.9,0.0,Mumbai,2949.0,Good,High Risk,22
2025-12-20 23:00:00,41.3,41.0,760.0,42.5,30.0,31.3,0.0,Mumbai,2234.1,Good,High Risk,23
2025-12-21 00:00:00,41.7,41.3,590.0,45.6,25.0,30.8,0.0,Mumbai,1892.2,Good,High Risk,0
2025-12-21 01:00:00,41.8,41.4,596.5,47.2,20.0,31.9,0.0,Mumbai,1901.8000000000002,Good,High Risk,1
2025-12-21 02:00:00,44.7,44.4,687.5,47.9,18.0,34.1,0.1,Mumbai,2113.1,Good,High Risk,2
2025-12-21 03:00:00,48.8,48.4,771.0,48.0,29.0,36.1,0.75,Mumbai,2353.8,Good,High Risk,3
2025-12-21 04:00:00,50.9,50.5,754.0,47.0,60.0,37.4,2.15,Mumbai,2430.8,Moderate,High Risk,4
2025-12-21 05:00:00,51.7,51.1,712.0,45.3,106.0,38.5,3.9,Mumbai,2487.8,Moderate,High Risk,5
2025-12-21 06:00:00,52.3,51.6,705.0,44.7,155.0,39.3,5.4,Mumbai,2625.9,Moderate,High Risk,6
2025-12-21 07:00:00,59.5,58.7,785.0,47.0,216.0,39.8,5.9,Mumbai,3037.2,Moderate,High Risk,7
2025-12-21 08:00:00,75.4,74.7,900.0,50.3,282.0,40.0,5.25,Mumbai,3606.9,Moderate,High Risk,8
2025-12-21 09:00:00,75.7,74.7,951.0,51.1,321.0,39.5,3.7,Mumbai,3828.0,Moderate,High Risk,9
2025-12-21 10:00:00,62.2,61.0,870.0,46.5,311.0,37.6,2.0,Mumbai,3501.0,Moderate,High Risk,10
2025-12-21 11:00:00,59.4,58.1,724.0,39.4,274.0,34.9,0.7,Mumbai,3035.9,Moderate,High Risk,11
2025-12-21 12:00:00,53.7,52.3,616.0,34.1,246.0,33.0,0.1,Mumbai,2661.0,Moderate,High Risk,12
